date eq,A,date pa,B,c
2014-04-17 22:07:12,1.2989682402443945,2014-04-02 22:07:12,1.2184402988725953,1.0
2014-04-22 22:07:12,0.3110842123465327,2014-04-07 22:07:12,-0.5896626994127298,-1.0
2014-06-06 22:07:12,0.18554383537956087,2014-05-22 22:07:12,1.7162640986572044,1.0
2014-06-11 22:07:12,-0.057236728341691245,2014-05-27 22:07:12,0.4672572192654916,-1.0
2014-06-16 22:07:12,0.02968470805233725,2014-06-01 22:07:12,0.03211543312664533,1.0
2014-06-21 22:07:12,1.577209061040982,2014-06-06 22:07:12,2.1111348649308534,1.0
2014-06-26 22:07:12,0.7653467058620091,2014-06-11 22:07:12,1.2069581676177301,1.0
2014-07-01 22:07:12,0.20753933944319547,2014-06-16 22:07:12,2.870426158948266,1.0
2014-07-06 22:07:12,0.2897573347166982,2014-06-21 22:07:12,1.9950008167343247,1.0
2014-07-11 22:07:12,0.2476799815551327,2014-06-26 22:07:12,-0.4645531909633278,-1.0
2014-07-16 22:07:12,0.13032451438123238,2014-07-01 22:07:12,0.3630916657329344,1.0
2014-07-21 22:07:12,0.09758487520894565,2014-07-06 22:07:12,-0.4668818508791306,-1.0
2014-07-26 22:07:12,0.22612254308605673,2014-07-11 22:07:12,2.1791888474821577,1.0
2014-07-31 22:07:12,0.2726958326128306,2014-07-16 22:07:12,-0.018330126705895844,-1.0
2014-08-05 22:07:12,-0.07652314254423886,2014-07-21 22:07:12,1.832026310320935,-1.0
2014-08-10 22:07:12,0.0004034814686724175,2014-07-26 22:07:12,0.8291185715443319,1.0
2014-08-15 22:07:12,0.33125828578016003,2014-07-31 22:07:12,0.4549467209568103,1.0
2014-08-20 22:07:12,0.2719810940111822,2014-08-05 22:07:12,0.44958740412778786,1.0
2014-08-25 22:07:12,-0.03475704651564937,2014-08-10 22:07:12,-0.5486321926778,1.0
2014-08-30 22:07:12,0.17032681998962484,2014-08-15 22:07:12,1.1128427772132508,1.0
2014-09-04 22:07:12,0.21807596979652977,2014-08-20 22:07:12,2.0143157523065054,1.0
2014-09-09 22:07:12,0.13781774165657956,2014-08-25 22:07:12,-0.12290548386510458,-1.0
2014-09-14 22:07:12,0.08101907890944715,2014-08-30 22:07:12,1.3157067814632257,1.0
2014-09-19 22:07:12,0.03164447518588953,2014-09-04 22:07:12,1.2848163693743788,1.0
2014-09-24 22:07:12,-0.07852902184563948,2014-09-09 22:07:12,0.7404022292097165,-1.0
2014-09-29 22:07:12,0.2877975675831459,2014-09-14 22:07:12,2.1470337371574573,1.0
2014-10-04 22:07:12,0.18508271370107776,2014-09-19 22:07:12,1.5582512770565553,1.0
2014-10-09 22:07:12,0.39708340538359566,2014-09-24 22:07:12,0.655949679641685,1.0
2014-10-14 22:07:12,0.4098103637097239,2014-09-29 22:07:12,1.4840446729661503,1.0
2014-10-19 22:07:12,0.2952907948584931,2014-10-04 22:07:12,0.3156251891948014,1.0
2014-10-24 22:07:12,0.17954925355928286,2014-10-09 22:07:12,0.4226093867211209,1.0
2014-10-29 22:07:12,0.11153380598305374,2014-10-14 22:07:12,0.9838772686703914,1.0
2014-11-03 22:07:12,0.09493342555766882,2014-10-19 22:07:12,2.4729653284700417,1.0
2014-11-08 22:07:12,0.2272868753242261,2014-10-24 22:07:12,0.2209980426311846,1.0
2014-11-13 22:07:12,0.921263473399043,2014-10-29 22:07:12,-0.8449341863093991,-1.0
2014-11-18 22:07:12,0.3759063922992678,2014-11-03 22:07:12,0.6874668229553604,1.0
2014-11-23 22:07:12,0.417142198397602,2014-11-08 22:07:12,-0.23896523268974357,-1.0
2014-11-28 22:07:12,0.2562107326070666,2014-11-13 22:07:12,2.981478507612567,1.0
2014-12-03 22:07:12,0.2110092800737795,2014-11-18 22:07:12,1.129479040390101,1.0
2014-12-08 22:07:12,0.09169404576632645,2014-11-23 22:07:12,0.3910347891013026,1.0
2014-12-13 22:07:12,-0.0942417430399447,2014-11-28 22:07:12,4.018400862065774,-1.0
2014-12-18 22:07:12,0.11222548850077807,2014-12-03 22:07:12,3.492263217779982,1.0
2014-12-23 22:07:12,-0.09425327108190684,2014-12-08 22:07:12,4.409695463361369,-1.0
2014-12-28 22:07:12,0.07482852037581411,2014-12-13 22:07:12,3.7432941223623732,1.0
2015-01-02 22:07:12,0.007377946855726458,2014-12-18 22:07:12,1.1009612253853467,1.0
2015-01-07 22:07:12,-0.005936941610467539,2014-12-23 22:07:12,3.6384087742642253,-1.0
2015-01-12 22:07:12,-0.1573231886564067,2014-12-28 22:07:12,0.01159656860300684,-1.0
2015-01-17 22:07:12,0.08586085653351772,2015-01-02 22:07:12,-0.6316629688080408,-1.0
2015-01-22 22:07:12,-0.0514727073606549,2015-01-07 22:07:12,1.2707076607190042,-1.0
2015-01-27 22:07:12,0.0987030952792669,2015-01-12 22:07:12,2.697332420995212,1.0
2015-02-01 22:07:12,-0.02311372413395596,2015-01-17 22:07:12,-0.04757951261266535,1.0
2015-02-06 22:07:12,-0.13085480431148777,2015-01-22 22:07:12,1.0776927425132623,-1.0
2015-02-11 22:07:12,0.030376390570061584,2015-01-27 22:07:12,0.7768827924412038,1.0
2015-02-16 22:07:12,0.08144561646204385,2015-02-01 22:07:12,-0.503523947272823,-1.0
2015-02-21 22:07:12,-0.09908352066401527,2015-02-06 22:07:12,1.6007141172214423,-1.0
2015-02-26 22:07:12,0.05389359617269007,2015-02-11 22:07:12,0.1131333718198142,1.0
2015-03-03 22:07:12,-0.1294022710242665,2015-02-16 22:07:12,-0.6158421649467742,1.0
2015-03-08 22:07:12,-0.12525217591792048,2015-02-21 22:07:12,-0.17988265980356377,1.0
2015-03-13 22:07:12,-0.04109746959478944,2015-02-26 22:07:12,-0.06942175334756473,1.0
2015-03-18 22:07:12,-0.10484754164505161,2015-03-03 22:07:12,-0.10533497408878201,1.0
2015-03-23 22:07:12,-0.05272926393452071,2015-03-08 22:07:12,1.888313105737955,-1.0
2015-03-28 22:07:12,0.1930831748227564,2015-03-13 22:07:12,-0.10198401548685421,-1.0
2015-04-02 22:07:12,-0.1492535592829558,2015-03-18 22:07:12,-0.46116761547809804,1.0
2015-04-07 22:07:12,-0.12363825004323015,2015-03-23 22:07:12,0.8923069834065598,-1.0
2015-04-12 22:07:12,-0.1198339961957462,2015-03-28 22:07:12,-0.11429726161358733,1.0
2015-04-17 22:07:12,0.0004034814686724175,2015-04-02 22:07:12,0.2328695865833923,1.0
2015-04-22 22:07:12,0.39069687013660714,2015-04-07 22:07:12,-0.8431874092485461,-1.0
2015-04-27 22:07:12,-0.03648625280996032,2015-04-12 22:07:12,-0.5689548237664919,1.0
2015-05-02 22:07:12,0.6895498299613809,2015-04-17 22:07:12,0.3759805939471954,1.0
2015-05-07 22:07:12,0.6549195919073143,2015-04-22 22:07:12,-0.4836830382406415,-1.0
2015-05-12 22:07:12,0.10576978500201739,2015-04-27 22:07:12,-0.1633635687048154,-1.0
2015-05-17 22:07:12,0.25908121505562276,2015-05-02 22:07:12,1.1225299682489096,1.0
2015-05-22 22:07:12,0.19296789440313544,2015-05-07 22:07:12,-0.18517269918697465,-1.0
2015-05-27 22:07:12,-0.00040348146867252854,2015-05-12 22:07:12,0.15756049854863763,-1.0
2015-06-01 22:07:12,-0.13205372067554333,2015-05-17 22:07:12,0.816426304078701,-1.0
2015-06-06 22:07:12,0.2495244682690645,2015-05-22 22:07:12,1.8447759289016328,1.0
2015-06-11 22:07:12,-0.08709435702345969,2015-05-27 22:07:12,-0.4770537083804215,1.0
2015-06-16 22:07:12,-0.199838607412531,2015-06-01 22:07:12,1.2088829217463903,-1.0
2015-06-21 22:07:12,-0.08501930947028646,2015-06-06 22:07:12,-0.9560017136637539,1.0
2015-06-26 22:07:12,-0.05435471785117307,2015-06-11 22:07:12,0.09811633354884441,-1.0
2015-07-01 22:07:12,0.2034468845466597,2015-06-16 22:07:12,-0.5124411254629413,-1.0
2015-07-06 22:07:12,0.047899014352412284,2015-06-21 22:07:12,7.904025291611928,1.0
2015-07-11 22:07:12,0.11026572136722579,2015-06-26 22:07:12,4.817017697360764,1.0
2015-07-16 22:07:12,-0.0394835437200991,2015-07-01 22:07:12,2.158541478340995,-1.0
2015-07-21 22:07:12,-0.09700847311084226,2015-07-06 22:07:12,-0.752499182262203,1.0
2015-07-26 22:07:12,0.2545968067323763,2015-07-11 22:07:12,0.6616806993653161,1.0
2015-07-31 22:07:12,-0.022883163294714404,2015-07-16 22:07:12,0.23739479749133796,-1.0
2015-08-05 22:07:12,0.05181854861951685,2015-07-21 22:07:12,-0.8886586250627342,-1.0
2015-08-10 22:07:12,0.052279670297999736,2015-07-26 22:07:12,-0.9422964159567853,-1.0
2015-08-15 22:07:12,-0.08443137933022071,2015-07-31 22:07:12,0.06294445604915144,-1.0
2015-08-20 22:07:12,-0.04616980805810145,2015-08-05 22:07:12,-0.33986906361684777,1.0
2015-08-25 22:07:12,-0.09308893884373737,2015-08-10 22:07:12,-0.08139859097546975,1.0
2015-08-30 22:07:12,0.1111303245143811,2015-08-15 22:07:12,1.2867489885657042,1.0
2015-09-04 22:07:12,0.42325206063750054,2015-08-20 22:07:12,0.697705077089102,1.0
2015-09-09 22:07:12,0.029108305954233638,2015-08-25 22:07:12,0.2739756558277251,1.0
2015-09-14 22:07:12,2.0307222318289235,2015-08-30 22:07:12,0.8743676797840836,1.0
2015-09-19 22:07:12,0.6693757565277536,2015-09-04 22:07:12,-0.6605447534577125,-1.0
2015-09-24 22:07:12,0.22404749553288372,2015-09-09 22:07:12,-0.807186300054244,-1.0
2015-09-29 22:07:12,0.09458758429880687,2015-09-14 22:07:12,-0.31035399556239296,-1.0
2015-10-04 22:07:12,-0.06011873883220942,2015-09-19 22:07:12,-0.4663748757829079,1.0
2016-01-17 22:07:12,-0.05297135281572429,2016-01-02 22:07:12,0.8330128686176299,-1.0
2016-01-22 22:07:12,-0.06391146463773134,2016-01-07 22:07:12,-0.6826052960253357,1.0
2016-01-27 22:07:12,-0.0373739120410399,2016-01-12 22:07:12,-0.021458904879786744,1.0
2016-02-01 22:07:12,0.03199031644475192,2016-01-17 22:07:12,0.32179612988052386,1.0
2016-02-06 22:07:12,-0.11349357311660624,2016-01-22 22:07:12,-0.06788538807714328,1.0
2016-02-11 22:07:12,-0.05873537379676064,2016-01-27 22:07:12,0.1255171175507006,-1.0
2016-02-16 22:07:12,0.10034007723788108,2016-02-01 22:07:12,0.5835247436589852,1.0
2016-02-21 22:07:12,-0.13566199780967214,2016-02-06 22:07:12,-0.5859301079193122,1.0
2016-02-26 22:07:12,0.026111015044094632,2016-02-11 22:07:12,-0.9566460323442293,-1.0
2016-03-02 22:07:12,0.001325724825638419,2016-02-16 22:07:12,0.32106988885810983,1.0
2016-03-07 22:07:12,-0.1681019078909448,2016-02-21 22:07:12,0.3173648875239843,-1.0
2016-03-12 22:07:12,-0.03602513113147732,2016-02-26 22:07:12,-0.41137282185404744,1.0
2016-03-17 22:07:12,-0.016093146579053585,2016-03-02 22:07:12,0.16028656093032323,-1.0
2016-03-22 22:07:12,-0.32353449766557163,2016-03-07 22:07:12,-0.6971339072931142,1.0
2016-03-27 22:07:12,-0.05640670932042202,2016-03-12 22:07:12,-0.4400084561547828,1.0
2016-04-01 22:07:12,0.28652948296731795,2016-03-17 22:07:12,0.20553674921865794,1.0
2016-04-06 22:07:12,0.03994466539858199,2016-03-22 22:07:12,0.7216762460903807,1.0
2016-04-11 22:07:12,0.5271197187157761,2016-03-27 22:07:12,-0.6607576194947931,-1.0
2016-04-16 22:07:12,0.39316387111649087,2016-04-01 22:07:12,0.31370423280641946,1.0
2016-04-21 22:07:12,0.169750417891521,2016-04-06 22:07:12,0.5467280909956251,1.0
2016-04-26 22:07:12,0.05008934232520601,2016-04-11 22:07:12,2.5919068773655027,1.0
2016-05-01 22:07:12,-0.0019021269237421423,2016-04-16 22:07:12,0.05925333712335301,-1.0
2016-05-06 22:07:12,0.0274943800795433,2016-04-21 22:07:12,0.5468745027928896,1.0
2016-05-11 22:07:12,0.02726381924030208,2016-04-26 22:07:12,0.6800926570141517,1.0
2016-05-16 22:07:12,-0.018271946509885284,2016-05-01 22:07:12,1.1258973156664447,-1.0
2016-05-21 22:07:12,-0.2444175456798664,2016-05-06 22:07:12,1.2780500351596125,-1.0
2016-06-10 22:07:12,0.014629085249870277,2016-05-26 22:07:12,1.9662977174752285,1.0
2016-06-15 22:07:12,0.07741080177531834,2016-05-31 22:07:12,0.916193131416724,1.0
2016-06-20 22:07:12,0.17793532768459275,2016-06-05 22:07:12,-0.9914203300926895,-1.0
2016-06-25 22:07:12,0.335523661306127,2016-06-10 22:07:12,1.1941053913865867,1.0
2016-06-30 22:07:12,0.02184563951812768,2016-06-15 22:07:12,1.4810143715526185,1.0
2016-07-05 22:07:12,-0.11914231367802186,2016-06-20 22:07:12,0.5606307434245064,-1.0
2016-07-10 22:07:12,0.005591100351605149,2016-06-25 22:07:12,-0.626595832104772,-1.0
2016-07-15 22:07:12,0.044463657847714444,2016-06-30 22:07:12,1.1015386697732423,1.0
2016-07-20 22:07:12,-0.07530117009625925,2016-07-05 22:07:12,-0.4328481584787003,1.0
2016-07-25 22:07:12,0.0495129402271024,2016-07-10 22:07:12,3.4853213713510307,1.0
2016-07-30 22:07:12,0.019897400426537537,2016-07-15 22:07:12,0.906369677750889,1.0
2016-08-04 22:07:12,-0.20560262839356735,2016-07-20 22:07:12,-0.9476958625590023,1.0
2016-08-09 22:07:12,0.23222087728399332,2016-07-25 22:07:12,0.5691676294429828,1.0
2016-08-14 22:07:12,0.6727188886967548,2016-07-30 22:07:12,0.3663631311927926,1.0
2016-08-19 22:07:12,0.3090091647933597,2016-08-04 22:07:12,1.4076843665757872,1.0
2016-08-24 22:07:12,0.0994178338809153,2016-08-09 22:07:12,-0.571366895650564,-1.0
2016-08-29 22:07:12,0.7757104155859125,2016-08-14 22:07:12,0.9349334825446705,1.0
2016-09-03 22:07:12,0.14672891809326183,2016-08-19 22:07:12,1.1186890143720913,1.0
2016-09-08 22:07:12,-0.00881895210098571,2016-08-24 22:07:12,0.9659861462587842,-1.0
2016-09-13 22:07:12,0.08236785981900963,2016-08-29 22:07:12,1.0565839108307977,1.0
2016-09-18 22:07:12,0.28237938786097194,2016-09-03 22:07:12,2.1930225700569386,1.0
2016-09-23 22:07:12,0.2594155282725228,2016-09-08 22:07:12,0.15250403505300114,1.0
2016-09-28 22:07:12,-0.041904432532134495,2016-09-13 22:07:12,-0.8143110030992946,1.0
2016-10-03 22:07:12,-0.1911925759409765,2016-09-18 22:07:12,0.11587144368680602,-1.0
2016-10-08 22:07:12,-0.15718485215286182,2016-09-23 22:07:12,0.4768094570382151,-1.0
2016-10-13 22:07:12,0.04351835840682461,2016-09-28 22:07:12,-0.17630576840499912,-1.0
2016-10-18 22:07:12,-0.22001268084615833,2016-10-03 22:07:12,1.2608439850638127,-1.0
2016-10-23 22:07:12,-0.09699694506888012,2016-10-08 22:07:12,0.8015488212232362,-1.0
2016-10-28 22:07:12,-0.06277018848348614,2016-10-13 22:07:12,1.080504540513223,-1.0
2016-11-02 22:07:12,-0.16841316502392067,2016-10-18 22:07:12,-0.05843405183154504,1.0
2016-11-07 22:07:12,-0.15879877802755205,2016-10-23 22:07:12,1.6996533532045461,-1.0
2016-11-12 22:07:12,1.1971295175514438,2016-10-28 22:07:12,-0.461576761880819,-1.0
2016-11-17 22:07:12,0.7999884719580379,2016-11-02 22:07:12,0.9285337922432013,1.0
2016-11-22 22:07:12,0.12859530808692132,2016-11-07 22:07:12,0.4700943118041343,1.0
2016-11-27 22:07:12,-0.14588737103003058,2016-11-12 22:07:12,-0.9667467503275448,1.0
2016-12-02 22:07:12,-0.06294310911291723,2016-11-17 22:07:12,-0.03801376583163063,1.0
2016-12-07 22:07:12,1.1198916364055567,2016-11-22 22:07:12,1.3661559267479837,1.0
2017-01-16 22:07:12,-0.165139201106692,2017-01-01 22:07:12,-0.9165121243908649,1.0
2017-01-21 22:07:12,-0.01942475070609262,2017-01-06 22:07:12,-0.9574654246448716,1.0
2017-01-26 22:07:12,-0.055392241627759575,2017-01-11 22:07:12,-0.752393841405928,1.0
2017-01-31 22:07:12,-0.24364516686840743,2017-01-16 22:07:12,-0.8202494511443241,1.0
2017-02-05 22:07:12,-0.1530347570465156,2017-01-21 22:07:12,0.6472250286414611,-1.0
2017-02-10 22:07:12,-0.18784944377197532,2017-01-26 22:07:12,-0.31808601661936764,1.0
2017-02-15 22:07:12,-0.225822813995043,2017-01-31 22:07:12,0.2545712159063436,-1.0
2017-02-20 22:07:12,-0.1542452014525334,2017-02-05 22:07:12,-0.0683911302888156,1.0
2017-02-25 22:07:12,-0.047437892673929394,2017-02-10 22:07:12,-0.9331959544858375,1.0
2017-03-02 22:07:12,-0.22838203931062306,2017-02-15 22:07:12,-0.8277142179347231,1.0
2017-03-07 22:07:12,-0.2978269640901493,2017-02-20 22:07:12,-0.020191701219024027,1.0
2017-03-12 22:07:12,-0.1721713067035564,2017-02-25 22:07:12,0.35333369927703706,-1.0
2017-03-17 22:07:12,-0.13620381578188956,2017-03-02 22:07:12,0.6053842699791048,-1.0
2017-03-22 22:07:12,-0.15419908928468495,2017-03-07 22:07:12,-0.8920547495415926,1.0
2017-03-27 22:07:12,-0.02588045420485341,2017-03-12 22:07:12,-0.07915380474693323,1.0
2017-04-01 22:07:12,-0.05746728918093269,2017-03-17 22:07:12,0.06446077542041828,-1.0
2017-04-06 22:07:12,-0.061386823448037364,2017-03-22 22:07:12,0.3915413553561804,-1.0
2017-04-11 22:07:12,-0.1943051472707361,2017-03-27 22:07:12,0.8882066724646362,-1.0
2017-04-16 22:07:12,-0.08824716121966691,2017-04-01 22:07:12,-0.26500131457690557,1.0
2017-04-21 22:07:12,-0.07856360597152579,2017-04-06 22:07:12,-0.21725340855360398,1.0
2017-04-26 22:07:12,0.29563663611735547,2017-04-11 22:07:12,0.6748217122989459,1.0
2017-05-01 22:07:12,-0.14392760389647818,2017-04-16 22:07:12,-0.7337857127551582,1.0
2017-05-06 22:07:12,0.10415585912732706,2017-04-21 22:07:12,0.17976284279260835,1.0
2017-05-11 22:07:12,-0.11556862066977924,2017-04-26 22:07:12,-0.1519913761015903,1.0
2017-05-16 22:07:12,-0.21291140699752154,2017-05-01 22:07:12,-0.06891384319391847,1.0
2017-05-21 22:07:12,-0.2544815263127558,2017-05-06 22:07:12,-0.45855066298635816,1.0
2017-05-26 22:07:12,-0.026226295463715465,2017-05-11 22:07:12,0.05233797560744824,-1.0
2017-05-31 22:07:12,-0.3832497550291083,2017-05-16 22:07:12,-0.7325982963194477,1.0
2017-06-05 22:07:12,-0.23548331315925997,2017-05-21 22:07:12,-0.6791203441598018,1.0
2017-06-10 22:07:12,-0.11326301227736468,2017-05-26 22:07:12,-0.38660352128801456,1.0
2017-06-15 22:07:12,-0.03756988875439515,2017-05-31 22:07:12,0.26264243917233143,-1.0
2017-06-20 22:07:12,-0.18120929160182153,2017-06-05 22:07:12,-0.806248869475495,1.0
2017-06-25 22:07:12,-0.20767767594674058,2017-06-10 22:07:12,-0.6771078964783491,1.0
2017-06-30 22:07:12,-0.12167848290967787,2017-06-15 22:07:12,-0.814025436633243,1.0
2017-07-05 22:07:12,-0.0278402213384058,2017-06-20 22:07:12,-0.5789737706367233,1.0
2017-07-10 22:07:12,-0.06622860107210793,2017-06-25 22:07:12,-0.22774884066503653,1.0
2017-07-15 22:07:12,0.41489423021499783,2017-06-30 22:07:12,0.6363571107626613,1.0
2017-07-20 22:07:12,0.09939477779699102,2017-07-05 22:07:12,1.2228968370980935,1.0
2017-07-25 22:07:12,-0.1953772551732088,2017-07-10 22:07:12,-0.7138886337599398,1.0
2017-07-30 22:07:12,-0.2777681710761427,2017-07-15 22:07:12,-0.9091106846428215,1.0
2017-08-04 22:07:12,-0.14484984725344408,2017-07-20 22:07:12,1.0542329129343901,-1.0
2017-08-09 22:07:12,-0.029454147213095916,2017-07-25 22:07:12,-0.49482517752956545,1.0
2017-08-14 22:07:12,-0.13342555766902997,2017-07-30 22:07:12,-0.008196858945374474,1.0
2017-08-19 22:07:12,-0.2936538128998789,2017-08-04 22:07:12,-0.7496558033809833,1.0
2017-08-24 22:07:12,-0.2762925817049975,2017-08-09 22:07:12,0.31331737752441735,-1.0
2017-08-29 22:07:12,-0.12396103521816826,2017-08-14 22:07:12,-0.8488482008300366,1.0
2017-09-03 22:07:12,0.35431436970430563,2017-08-19 22:07:12,1.8755725469313256,1.0
2017-09-08 22:07:12,0.5086748515764596,2017-08-24 22:07:12,0.7561524901624193,1.0
2017-09-13 22:07:12,0.15755374949564804,2017-08-29 22:07:12,-0.4204311564508657,-1.0
2017-09-18 22:07:12,0.17689780390800625,2017-09-03 22:07:12,0.6997266277707863,1.0
2017-09-23 22:07:12,-0.009856475877572324,2017-09-08 22:07:12,1.4137422182607384,-1.0
2017-09-28 22:07:12,-0.12006455703498775,2017-09-13 22:07:12,0.9224719264067316,-1.0
2017-10-03 22:07:12,-0.16006686264338,2017-09-18 22:07:12,0.3177065457515431,-1.0
2017-10-08 22:07:12,-0.09033373681480206,2017-09-23 22:07:12,0.5116340534513912,-1.0
2017-10-13 22:07:12,-0.1711337829269699,2017-09-28 22:07:12,-0.6615707450770509,1.0
2017-10-18 22:07:12,-0.1826618248890426,2017-10-03 22:07:12,-0.5621656005009121,1.0
2017-10-23 22:07:12,-0.30908986108709435,2017-10-08 22:07:12,-0.4708889034845236,1.0
2017-10-28 22:07:12,0.48112283128710565,2017-10-13 22:07:12,-0.4884170578866909,-1.0
2017-11-02 22:07:12,0.10819067381405256,2017-10-18 22:07:12,0.247455800221279,1.0
2017-11-07 22:07:12,0.016888581474436615,2017-10-23 22:07:12,-0.8266688360623496,-1.0
2017-11-12 22:07:12,0.3648971122254885,2017-10-28 22:07:12,0.5404027810607386,1.0
2017-11-17 22:07:12,0.5430284166234365,2017-11-02 22:07:12,1.1002576534680446,1.0
2017-11-22 22:07:12,-0.1681019078909448,2017-11-07 22:07:12,-0.5891273136846902,1.0
2017-11-27 22:07:12,-0.07475935212404172,2017-11-12 22:07:12,-0.7982133448060653,1.0
2017-12-02 22:07:12,-0.15176667243068775,2017-11-17 22:07:12,2.4078804255872344,-1.0
2017-12-07 22:07:12,-0.12110208081157425,2017-11-22 22:07:12,-0.32084866121710187,1.0
2017-12-12 22:07:12,-0.12253155801487126,2017-11-27 22:07:12,2.3352624657692873,-1.0
2017-12-17 22:07:12,-0.20295117874229074,2017-12-02 22:07:12,-0.7325385325320779,1.0
2017-12-22 22:07:12,-0.17505331719407458,2017-12-07 22:07:12,-0.5064471901480843,1.0
2017-12-27 22:07:12,-0.21125136895498298,2017-12-12 22:07:12,-0.8560394738139351,1.0
2018-01-16 22:07:12,-0.10920514150671512,2018-01-01 22:07:12,-0.8514884118191698,1.0
2018-01-21 22:07:12,0.40826560608680595,2018-01-06 22:07:12,-0.6880078722581979,-1.0
2018-01-26 22:07:12,0.060118738832209306,2018-01-11 22:07:12,0.15152554945031382,1.0
2018-01-31 22:07:12,-0.19646089111764375,2018-01-16 22:07:12,0.7819710248612404,-1.0
2018-02-05 22:07:12,-0.04801429477203312,2018-01-21 22:07:12,1.209944856171116,-1.0
2018-02-10 22:07:12,-0.17228658712317713,2018-01-26 22:07:12,1.2329103486683377,-1.0
2018-02-15 22:07:12,-0.047092051415067226,2018-01-31 22:07:12,-0.013340834540114144,1.0
2018-02-20 22:07:12,-0.004438296155398036,2018-02-05 22:07:12,0.96825665398904,-1.0
2018-02-25 22:07:12,0.5758833362153437,2018-02-10 22:07:12,0.5231477229330372,1.0
2018-03-02 22:07:12,0.13931638711164895,2018-02-15 22:07:12,-0.37598261493809704,-1.0
2018-03-07 22:07:12,-0.16640728572252006,2018-02-20 22:07:12,0.43856973028850144,-1.0
2018-03-12 22:07:12,-0.18531327454031932,2018-02-25 22:07:12,-0.35387656309967386,1.0
2018-03-17 22:07:12,-0.17825811285953075,2018-03-02 22:07:12,-0.32306109873691713,1.0
2018-03-22 22:07:12,-0.14927661536687997,2018-03-07 22:07:12,-0.5638118370311824,1.0
2018-03-27 22:07:12,-0.003619805176090951,2018-03-12 22:07:12,-0.6761835280951405,1.0
2018-04-01 22:07:12,-0.021165485042365595,2018-03-17 22:07:12,-0.6947456196181132,1.0
2018-04-06 22:07:12,-0.11137241339558479,2018-03-22 22:07:12,-0.34670585448624514,1.0
2018-04-11 22:07:12,-0.08375122485445852,2018-03-27 22:07:12,-0.4570231114677731,1.0
2018-04-16 22:07:12,-0.2390339500835783,2018-04-01 22:07:12,-0.05253303968580281,1.0
2018-04-21 22:07:12,-0.02830134301688869,2018-04-06 22:07:12,-0.7690465483652328,1.0
2018-04-26 22:07:12,-0.195089054124157,2018-04-11 22:07:12,-0.7886371436720041,1.0
2018-05-01 22:07:12,0.02223759294483818,2018-04-16 22:07:12,-0.7780253735343372,-1.0
2018-05-06 22:07:12,-0.16761773012853776,2018-04-21 22:07:12,-0.3499086264985738,1.0
2018-05-11 22:07:12,-0.06588275981324587,2018-04-26 22:07:12,-0.9082019901532767,1.0
2018-05-16 22:07:12,-0.1454262493515477,2018-05-01 22:07:12,0.027315610088727516,-1.0
2018-05-21 22:07:12,-0.0496166926047612,2018-05-06 22:07:12,-0.13294532235688716,1.0
2018-05-26 22:07:12,-0.198086345034296,2018-05-11 22:07:12,-0.008048649615443604,1.0
2018-05-31 22:07:12,-0.038676580782754155,2018-05-16 22:07:12,-0.019814663527802368,1.0
2018-06-05 22:07:12,-0.12859530808692154,2018-05-21 22:07:12,-0.06626786038654853,1.0
2018-06-10 22:07:12,-0.06264338002190328,2018-05-26 22:07:12,-0.11221042251584923,1.0
2018-06-15 22:07:12,-0.1272234710934348,2018-05-31 22:07:12,-0.5798061073057185,1.0
2018-06-20 22:07:12,-0.15854516110438654,2018-06-05 22:07:12,-0.19815992884327138,1.0
2018-06-25 22:07:12,0.013568505389359498,2018-06-10 22:07:12,0.7697844508789784,1.0
2018-06-30 22:07:12,-0.09789613234192185,2018-06-15 22:07:12,1.9040687978264166,-1.0
2018-07-05 22:07:12,0.18773416335235438,2018-06-20 22:07:12,-0.7704708822576912,-1.0
2018-07-10 22:07:12,-0.14662516571560325,2018-06-25 22:07:12,-0.5787680006960447,1.0
2018-07-15 22:07:12,-0.20325090783330457,2018-06-30 22:07:12,-0.7248440673157024,1.0
2018-07-20 22:07:12,-0.09248948066170959,2018-07-05 22:07:12,-0.3948059268679269,1.0
2018-07-25 22:07:12,-0.07903625569197081,2018-07-10 22:07:12,-0.417414357118143,1.0
2018-07-30 22:07:12,-0.2668050031702116,2018-07-15 22:07:12,-0.04220709834803782,1.0
2018-08-04 22:07:12,0.16226871865813597,2018-07-20 22:07:12,0.8360685851294367,1.0
2018-08-09 22:07:12,0.12110208081157414,2018-07-25 22:07:12,0.5177481183561496,1.0
2018-08-14 22:07:12,1.0535016427459793,2018-07-30 22:07:12,-0.6002398703851486,-1.0
2018-08-19 22:07:12,0.6311026572136722,2018-08-04 22:07:12,0.09725881432796712,1.0
2018-08-24 22:07:12,0.25976136953138496,2018-08-09 22:07:12,-0.30177582896530386,-1.0
2018-08-29 22:07:12,-0.06426883393855554,2018-08-14 22:07:12,0.775121213146543,-1.0
2018-09-03 22:07:12,0.36134647530117014,2018-08-19 22:07:12,0.14289374332298133,1.0
2018-09-08 22:07:12,0.18888696754856182,2018-08-24 22:07:12,-0.7143285299250698,-1.0
2018-09-13 22:07:12,0.3019770591964954,2018-08-29 22:07:12,-0.417378678087891,-1.0
2018-09-18 22:07:12,0.010317597556054992,2018-09-03 22:07:12,0.5835920974759352,1.0
2018-09-23 22:07:12,0.43777739350971245,2018-09-08 22:07:12,1.5318529365657252,1.0
2018-09-28 22:07:12,0.26682805925413566,2018-09-13 22:07:12,0.23936185053570447,1.0
2018-10-03 22:07:12,0.03119488154936878,2018-09-18 22:07:12,0.5448994005733763,1.0
2018-10-08 22:07:12,0.03717793532768465,2018-09-23 22:07:12,-0.3631432932094202,-1.0
2018-10-13 22:07:12,0.30601187388322093,2018-09-28 22:07:12,-0.18068614133722571,-1.0
2018-10-18 22:07:12,0.04812957519165373,2018-10-03 22:07:12,-0.884863221296682,-1.0
2018-10-23 22:07:12,0.3392126347339903,2018-10-08 22:07:12,0.6417263265769455,1.0
2018-10-28 22:07:12,0.34521874459623025,2018-10-13 22:07:12,1.0983578821174267,1.0
2018-11-02 22:07:12,-0.017234422733298782,2018-10-18 22:07:12,-0.8346038759203053,1.0
2018-11-07 22:07:12,-0.024381808749783906,2018-10-23 22:07:12,0.008048649615443715,-1.0
