pa date,eq date,pa mean,eq sum,pa delta3,eq median,pa median,eq diff,A,B,c
2014-06-21 22:07:12,2014-07-06 22:07:12,180.88008120649653,1118.8,1.7143414804691304,856.1949999999999,0.46211862197920084,262.605,0.30671167199060956,2.7097433406314666,1.0
2014-06-26 22:07:12,2014-07-11 22:07:12,181.113273364486,1082.3,0.23319215798946402,856.1949999999999,0.46211862197920084,226.105,0.2640811964564147,-0.4953846330824565,-1.0
2014-07-01 22:07:12,2014-07-16 22:07:12,181.7069126984127,980.5,0.593639333926717,856.1949999999999,0.46211862197920084,124.305,0.14518304825419448,0.28460379152051485,1.0
2014-07-06 22:07:12,2014-07-21 22:07:12,181.47473469387756,952.1,0.23217800453514315,856.1949999999999,0.46211862197920084,95.905,0.11201303441388943,-0.4975792069561026,-1.0
2014-07-11 22:07:12,2014-07-26 22:07:12,180.09016783216782,1063.6,1.384566861709743,856.1949999999999,0.46211862197920084,207.405,0.2422403774841011,1.996128690464372,1.0
2014-07-16 22:07:12,2014-07-31 22:07:12,180.5176943620178,1104.0,0.4275265298499846,856.1949999999999,0.46211862197920084,247.805,0.28942589013016895,-0.07485543859077193,-1.0
2014-07-21 22:07:12,2014-08-05 22:07:12,181.75106864988558,801.07,1.2333742878677754,856.1949999999999,0.46211862197920084,-55.125,-0.06438369763897234,1.6689560411683377,-1.0
2014-07-26 22:07:12,2014-08-10 22:07:12,180.95447018348625,867.8,0.7965984663993311,856.1949999999999,0.46211862197920084,11.605,0.013554155303406423,0.7237965070258185,1.0
2014-07-31 22:07:12,2014-08-15 22:07:12,180.32082710280375,1154.8,0.6336430806825035,856.1949999999999,0.46211862197920084,298.605,0.34875816840789775,0.3711697614969143,1.0
2014-08-05 22:07:12,2014-08-20 22:07:12,180.95213615023474,1103.3799999999999,0.6313090474309888,856.1949999999999,0.46211862197920084,247.185,0.28870175602520454,0.3661190382832116,1.0
2014-08-10 22:07:12,2014-08-25 22:07:12,180.75556119402984,837.3,0.1965749562048984,856.1949999999999,0.46211862197920084,-18.895,-0.02206857082790714,-0.5746223007352733,1.0
2014-08-15 22:07:12,2014-08-30 22:07:12,179.83539814814816,1015.2,0.9201630458816794,856.1949999999999,0.46211862197920084,159.005,0.18571119896752508,0.9911836531077822,1.0
2014-08-20 22:07:12,2014-09-04 22:07:12,181.14816121495326,1056.62,1.312763066805104,856.1949999999999,0.46211862197920084,200.425,0.2340880290120826,1.8407491158497162,1.0
2014-08-25 22:07:12,2014-09-09 22:07:12,181.5301441860465,987.0,0.38198297109323676,856.1949999999999,0.46211862197920084,130.805,0.15277477677398266,-0.17340926566160075,-1.0
2014-08-30 22:07:12,2014-09-14 22:07:12,180.52163194444444,937.73,1.0085122416020624,856.1949999999999,0.46211862197920084,81.535,0.09522947459398856,1.1823665908175713,1.0
2014-09-04 22:07:12,2014-09-19 22:07:12,179.52657276995308,894.9,0.9950591744913595,856.1949999999999,0.46211862197920084,38.705,0.04520582343975388,1.1532548725901495,1.0
2014-09-09 22:07:12,2014-09-24 22:07:12,178.76861111111108,799.33,0.7579616588419924,856.1949999999999,0.46211862197920084,-56.865,-0.06641594496580794,0.6401885204186966,-1.0
2014-09-14 22:07:12,2014-09-29 22:07:12,180.13917411764706,1117.1,1.3705630065359742,856.1949999999999,0.46211862197920084,260.905,0.3047261429931265,1.965825096305383,1.0
2014-09-19 22:07:12,2014-10-04 22:07:12,181.25331678486998,1028.0,1.1141426672229215,856.1949999999999,0.46211862197920084,171.805,0.2006610643603386,1.4109451864354154,1.0
2014-09-24 22:07:12,2014-10-09 22:07:12,180.53213501144165,1211.9,0.7211817734283272,856.1949999999999,0.46211862197920084,355.705,0.4154485835586521,0.5605988140871465,1.0
2014-09-29 22:07:12,2014-10-14 22:07:12,179.45031002331004,1222.94,1.0818249881316149,856.1949999999999,0.46211862197920084,366.745,0.4283428424599538,1.3410114561025113,1.0
2014-10-04 22:07:12,2014-10-19 22:07:12,178.8773427895981,1123.6,0.5729672337119496,856.1949999999999,0.46211862197920084,267.405,0.3123178715129147,0.23987047147764118,1.0
2014-10-09 22:07:12,2014-10-24 22:07:12,179.49690265486726,1023.2,0.6195598652691672,856.1949999999999,0.46211862197920084,167.005,0.19505486483803347,0.3406944360209152,1.0
2014-10-14 22:07:12,2014-10-29 22:07:12,180.36090000000002,964.2,0.8639973451327592,856.1949999999999,0.46211862197920084,108.005,0.12614532904303366,0.8696440784670352,1.0
2014-10-19 22:07:12,2014-11-03 22:07:12,178.84839069767443,949.8,1.512509302325583,856.1949999999999,0.46211862197920084,93.605,0.1093267304761183,2.272989294064108,1.0
2014-10-24 22:07:12,2014-11-08 22:07:12,178.31663448275864,1064.61,0.531756214915788,856.1949999999999,0.46211862197920084,208.415,0.2434200153002528,0.15069202932861114,1.0
2014-10-29 22:07:12,2014-11-13 22:07:12,178.24910185185183,1666.6,0.06753263090681116,856.1949999999999,0.46211862197920084,810.405,0.9465191924736771,-0.8538629960039769,-1.0
2014-11-03 22:07:12,2014-11-18 22:07:12,177.51419406392694,1193.53,0.7349077879248966,856.1949999999999,0.46211862197920084,337.335,0.39399319080349704,0.5903011758698908,1.0
2014-11-08 22:07:12,2014-11-23 22:07:12,177.84563191489363,1229.3,0.33143785096669376,856.1949999999999,0.46211862197920084,373.105,0.4357710568270079,-0.28278620422785905,-1.0
2014-11-13 22:07:12,2014-11-28 22:07:12,179.57960352422907,1089.7,1.7339716093354411,856.1949999999999,0.46211862197920084,233.505,0.27272408738663523,2.7522218903645137,1.0
2014-11-18 22:07:12,2014-12-03 22:07:12,180.50701182033097,1050.49,0.9274082961019019,856.1949999999999,0.46211862197920084,194.295,0.2269284450388056,1.0068619873614244,1.0
2014-11-23 22:07:12,2014-12-08 22:07:12,179.901202991453,946.99,0.6058088288779686,856.1949999999999,0.46211862197920084,90.795,0.1060447678391021,0.3109379281954905,1.0
2014-11-28 22:07:12,2014-12-13 22:07:12,177.71564187327823,785.7,2.1855611181747747,856.1949999999999,0.46211862197920084,-70.495,-0.08233521569268676,3.7294374522590505,-1.0
2014-12-03 22:07:12,2014-12-18 22:07:12,175.75921868365182,964.8,1.9564231896264062,856.1949999999999,0.46211862197920084,108.605,0.12684610398332152,3.233595221173453,1.0
2014-12-08 22:07:12,2014-12-23 22:07:12,178.11519230769233,785.6899999999999,2.3559736240405016,856.1949999999999,0.46211862197920084,-70.505,-0.08234689527502492,4.0982010072438495,-1.0
2014-12-13 22:07:12,2014-12-28 22:07:12,180.1809418344519,932.36,2.0657495267595607,856.1949999999999,0.46211862197920084,76.165,0.08895753887840985,3.470171571775648,1.0
2014-12-18 22:07:12,2015-01-02 22:07:12,179.26595331695333,873.85,0.914988517498557,856.1949999999999,0.46211862197920084,17.655,0.020620302617978536,0.9799862502397472,1.0
2014-12-23 22:07:12,2015-01-07 22:07:12,177.24588235294118,862.3,2.020070964012149,856.1949999999999,0.46211862197920084,6.105,0.007130385017431795,3.37132560328432,1.0
2014-12-28 22:07:12,2015-01-12 22:07:12,176.8053224637681,730.98,0.4405598891730733,856.1949999999999,0.46211862197920084,-125.215,-0.14624589024696466,-0.04665194558443453,1.0
2015-01-02 22:07:12,2015-01-17 22:07:12,176.96573673036093,941.93,0.16041426659282365,856.1949999999999,0.46211862197920084,85.735,0.1001348991760056,-0.6528721004451459,-1.0
2015-01-07 22:07:12,2015-01-22 22:07:12,177.95465142857142,822.8,0.9889146982104933,856.1949999999999,0.46211862197920084,-33.395,-0.03900396521820382,1.1399585543103314,-1.0
2015-01-12 22:07:12,2015-01-27 22:07:12,179.5648747252747,953.0699999999999,1.610223296703282,856.1949999999999,0.46211862197920084,96.875,0.11314595390068849,2.4844371555659905,1.0
2015-01-17 22:07:12,2015-02-01 22:07:12,179.15008658008657,847.4,0.41478814518814033,856.1949999999999,0.46211862197920084,-8.795,-0.010272192666390234,-0.1024206221951185,1.0
2015-01-22 22:07:12,2015-02-06 22:07:12,178.24523170731706,753.9399999999999,0.9048548727695049,856.1949999999999,0.46211862197920084,-102.255,-0.11942956919860548,0.9580575846394497,-1.0
2015-01-27 22:07:12,2015-02-11 22:07:12,177.47138241758242,893.8,0.7738492897346418,856.1949999999999,0.46211862197920084,37.605,0.04392106938255891,0.6745685045548142,1.0
2015-02-01 22:07:12,2015-02-16 22:07:12,177.25516239316238,938.1,0.21622002442003918,856.1949999999999,0.46211862197920084,81.905,0.09566161914049975,-0.5321114230497925,-1.0
2015-02-06 22:07:12,2015-02-21 22:07:12,178.38779802955665,781.5,1.1326356363942693,856.1949999999999,0.46211862197920084,-74.695,-0.08724064027470368,1.4509629833641444,-1.0
2015-02-11 22:07:12,2015-02-26 22:07:12,178.87257815845825,914.2,0.4847801289016047,856.1949999999999,0.46211862197920084,58.005,0.06774741735235557,0.04903828983421454,1.0
2015-02-16 22:07:12,2015-03-03 22:07:12,178.70527378190255,755.2,0.1673043765557054,856.1949999999999,0.46211862197920084,-100.995,-0.11795794182400021,-0.6379622707278922,1.0
2015-02-21 22:07:12,2015-03-08 22:07:12,178.34810491071428,758.8,0.35716887118826435,856.1949999999999,0.46211862197920084,-97.395,-0.11375329218227159,-0.22710565166460683,1.0
2015-02-26 22:07:12,2015-03-13 22:07:12,177.94282926829268,831.8,0.40527564242159997,856.1949999999999,0.46211862197920084,-24.395,-0.02849234111388177,-0.12300516978551723,1.0
2015-03-03 22:07:12,2015-03-18 22:07:12,178.33246436285097,776.5,0.3896350945582867,856.1949999999999,0.46211862197920084,-79.695,-0.09308043144377154,-0.15685047945152164,1.0
2015-03-08 22:07:12,2015-03-23 22:07:12,177.07457664233576,821.71,1.257887720515214,856.1949999999999,0.46211862197920084,-34.485,-0.04027703969306051,1.7220017992952235,-1.0
2015-03-13 22:07:12,2015-03-28 22:07:12,177.4656711111111,1034.94,0.3910944687753499,856.1949999999999,0.46211862197920084,178.745,0.20876669450300467,-0.15369247164215682,-1.0
2015-03-18 22:07:12,2015-04-02 22:07:12,177.70033771929826,737.98,0.23466660818715468,856.1949999999999,0.46211862197920084,-118.215,-0.13807018261026982,-0.49219400165675076,1.0
2015-03-23 22:07:12,2015-04-07 22:07:12,178.52445533769065,760.2,0.8241176183923926,856.1949999999999,0.46211862197920084,-95.995,-0.11211815065493247,0.783346481175746,-1.0
2015-03-28 22:07:12,2015-04-12 22:07:12,178.1387234042553,763.5,0.38573193343535195,856.1949999999999,0.46211862197920084,-92.695,-0.10826388848334778,-0.16529671151682546,1.0
2015-04-02 22:07:12,2015-04-17 22:07:12,178.67564978902953,867.8,0.5369263847742332,856.1949999999999,0.46211862197920084,11.605,0.013554155303406423,0.16188000058218655,1.0
2015-04-07 22:07:12,2015-04-22 22:07:12,178.74394315789476,1206.36,0.06829336886522697,856.1949999999999,0.46211862197920084,350.165,0.4089780949433248,-0.85221679971966,-1.0
2015-04-12 22:07:12,2015-04-27 22:07:12,178.93166741573035,835.8,0.18772425783558333,856.1949999999999,0.46211862197920084,-20.395,-0.023820508178627464,-0.5937747389802601,1.0
2015-04-17 22:07:12,2015-05-02 22:07:12,179.53092,1465.6,0.5992525842696637,856.1949999999999,0.46211862197920084,609.405,0.7117595874771518,0.2967505652620832,1.0
2015-04-22 22:07:12,2015-05-07 22:07:12,179.30605907172995,1435.56,0.22486092827006132,856.1949999999999,0.46211862197920084,579.365,0.6766741221333925,-0.5134129689320723,-1.0
2015-04-27 22:07:12,2015-05-12 22:07:12,179.67042216358837,959.2,0.3643630918584222,856.1949999999999,0.46211862197920084,103.005,0.1203055378739657,-0.21153774263002634,-1.0
2015-05-02 22:07:12,2015-05-17 22:07:12,178.74604025423727,1092.19,0.9243819093510979,856.1949999999999,0.46211862197920084,235.995,0.27563230338883105,1.0003130481781422,1.0
2015-05-07 22:07:12,2015-05-22 22:07:12,179.1009052631579,1034.84,0.3548650089206262,856.1949999999999,0.46211862197920084,178.645,0.20864989867962325,-0.23209108648169108,-1.0
2015-05-12 22:07:12,2015-05-27 22:07:12,179.60503382663848,867.1,0.5041285634805774,856.1949999999999,0.46211862197920084,10.905,0.012736584539736917,0.09090726818463368,1.0
2015-05-17 22:07:12,2015-06-01 22:07:12,178.81396296296296,752.9,0.7910708636755146,856.1949999999999,0.46211862197920084,-103.295,-0.12064424576177157,0.7118350701546048,-1.0
2015-05-22 22:07:12,2015-06-06 22:07:12,180.0528898305085,1083.9,1.2389268675455298,856.1949999999999,0.46211862197920084,227.705,0.26594992963051656,1.6809715268329781,1.0
2015-05-27 22:07:12,2015-06-11 22:07:12,180.28063789473686,791.9,0.2277480642283649,856.1949999999999,0.46211862197920084,-64.295,-0.07509387464304274,-0.5071653610214923,1.0
2015-06-01 22:07:12,2015-06-16 22:07:12,179.318648456057,694.1,0.9619894386798649,856.1949999999999,0.46211862197920084,-162.095,-0.18932018991000876,1.081693731708484,-1.0
2015-06-06 22:07:12,2015-06-21 22:07:12,179.3378101265823,793.7,0.019161670525306818,856.1949999999999,0.46211862197920084,-62.495,-0.07299154982217826,-0.9585351690800955,1.0
2015-06-11 22:07:12,2015-06-26 22:07:12,179.81605019305022,820.3,0.4782400664679187,856.1949999999999,0.46211862197920084,-35.895,-0.04192386080273769,0.03488594426182523,-1.0
2015-06-16 22:07:12,2015-07-01 22:07:12,179.6037136842105,1043.93,0.21233650883971222,856.1949999999999,0.46211862197920084,187.735,0.21926663902498866,-0.5405151432108505,-1.0
2015-06-21 22:07:12,2015-07-06 22:07:12,175.72592631578948,909.0,3.877787368421025,856.1949999999999,0.46211862197920084,52.805,0.06167403453652498,7.391324616638274,1.0
2015-06-26 22:07:12,2015-07-11 22:07:12,178.25929263157894,963.1,2.533366315789465,856.1949999999999,0.46211862197920084,106.905,0.12486057498583869,4.4820693114234365,1.0
2015-07-01 22:07:12,2015-07-16 22:07:12,179.63486736842106,833.2,1.3755747368421112,856.1949999999999,0.46211862197920084,-22.995,-0.026857199586542646,1.9766702128355766,-1.0
2015-07-06 22:07:12,2015-07-21 22:07:12,179.74265631929046,783.3,0.10778895086940565,856.1949999999999,0.46211862197920084,-72.895,-0.08513831545383932,-0.7667504711068384,1.0
2015-07-11 22:07:12,2015-07-26 22:07:12,179.01897863247862,1088.3,0.7236776868118397,856.1949999999999,0.46211862197920084,232.105,0.2710889458592962,0.5659998372547974,1.0
2015-07-16 22:07:12,2015-07-31 22:07:12,179.55787578947368,847.6,0.5388971569950627,856.1949999999999,0.46211862197920084,-8.595,-0.010038601019627391,0.1661446463399987,-1.0
2015-07-21 22:07:12,2015-08-05 22:07:12,179.6063660130719,912.4,0.04849022359820765,856.1949999999999,0.46211862197920084,56.205,0.06564509253149109,-0.8950697476969667,-1.0
2015-07-26 22:07:12,2015-08-10 22:07:12,179.58123555555554,912.8,0.025130457516354454,856.1949999999999,0.46211862197920084,56.605,0.06611227582501655,-0.9456190330337185,-1.0
2015-07-31 22:07:12,2015-08-15 22:07:12,179.118313174946,794.21,0.46292238060954105,856.1949999999999,0.46211862197920084,-61.985,-0.07239589112293332,0.0017392907191184914,-1.0
2015-08-05 22:07:12,2015-08-20 22:07:12,179.4058064516129,827.4,0.2874932766669076,856.1949999999999,0.46211862197920084,-28.795,-0.03363135734266143,-0.377879914391662,1.0
2015-08-10 22:07:12,2015-08-25 22:07:12,179.00574683544303,786.7,0.4000596161698695,856.1949999999999,0.46211862197920084,-69.495,-0.0811672574588731,-0.13429237182336373,1.0
2015-08-15 22:07:12,2015-08-30 22:07:12,178.00984598698483,963.85,0.9959008484582057,856.1949999999999,0.46211862197920084,107.655,0.1257365436611988,1.155076210071079,1.0
2015-08-20 22:07:12,2015-09-04 22:07:12,178.74921263157896,1234.6,0.7393666445941278,856.1949999999999,0.46211862197920084,378.405,0.4419612354662197,0.5999499033981917,1.0
2015-08-25 22:07:12,2015-09-09 22:07:12,178.1943841642229,892.7,0.5548284673560602,856.1949999999999,0.46211862197920084,36.505,0.04263631532536416,0.20061915051116896,1.0
2015-08-30 22:07:12,2015-09-14 22:07:12,179.0106890459364,2629.0,0.8163048817135063,856.1949999999999,0.46211862197920084,1772.805,2.0705621966958465,0.7664401365549101,1.0
2015-09-04 22:07:12,2015-09-19 22:07:12,178.86285307017542,1448.1,0.14783597576098373,856.1949999999999,0.46211862197920084,591.905,0.6913203183854146,-0.6800908495575892,-1.0
2015-09-09 22:07:12,2015-09-24 22:07:12,178.9468252631579,1061.8,0.08397219298248615,856.1949999999999,0.46211862197920084,205.605,0.24013805266323685,-0.8182886622857938,-1.0
2015-09-14 22:07:12,2015-09-29 22:07:12,179.24717263157896,949.5,0.3003473684210576,856.1949999999999,0.46211862197920084,93.305,0.10897634300597425,-0.3500643468235398,-1.0
2015-09-19 22:07:12,2015-10-04 22:07:12,179.47957142857143,815.3,0.23239879699247012,856.1949999999999,0.46211862197920084,-40.895,-0.04776365197180543,-0.4971014238787157,1.0
2016-01-02 22:07:12,2016-01-17 22:07:12,179.16082452431291,821.5,0.7982944696680931,856.1949999999999,0.46211862197920084,-34.695,-0.0405223109221613,0.7274665674564029,-1.0
2016-01-07 22:07:12,2016-01-22 22:07:12,179.29905292479108,812.01,0.13822840047816953,856.1949999999999,0.46211862197920084,-44.185,-0.05160623456105207,-0.7008811289920471,1.0
2016-01-12 22:07:12,2016-01-27 22:07:12,179.72521684210528,835.03,0.42616391731419867,856.1949999999999,0.46211862197920084,-21.165,-0.0247198360186639,-0.07780405929328771,1.0
2016-01-17 22:07:12,2016-02-01 22:07:12,179.14956210526316,895.2,0.5756547368421252,856.1949999999999,0.46211862197920084,39.005,0.04555621090989792,0.24568608461754304,1.0
2016-01-22 22:07:12,2016-02-06 22:07:12,179.55550684931507,769.0,0.40594474405190795,856.1949999999999,0.46211862197920084,-87.195,-0.10184011819737315,-0.12155726961771551,1.0
2016-01-27 22:07:12,2016-02-11 22:07:12,180.04568021680217,816.5,0.4901733674871025,856.1949999999999,0.46211862197920084,-39.695,-0.04636210209122915,0.060708969891207554,-1.0
2016-02-01 22:07:12,2016-02-16 22:07:12,179.35604018912528,954.49,0.6896400276768873,856.1949999999999,0.46211862197920084,98.295,0.11480445459270383,0.4923441620319009,1.0
2016-02-06 22:07:12,2016-02-21 22:07:12,179.53637154989383,749.77,0.18033136076854817,856.1949999999999,0.46211862197920084,-106.425,-0.12429995503360791,-0.6097725731194088,1.0
2016-02-11 22:07:12,2016-02-26 22:07:12,179.51749048625794,890.1,0.01888106363588804,856.1949999999999,0.46211862197920084,33.905,0.039599623917448756,-0.9591423873917424,-1.0
2016-02-16 22:07:12,2016-03-02 22:07:12,178.94215203426126,868.6,0.5753384519966858,856.1949999999999,0.46211862197920084,12.405,0.014488521890457351,0.2450016611158785,1.0
2016-02-21 22:07:12,2016-03-07 22:07:12,179.51587692307692,721.63,0.5737248888156614,856.1949999999999,0.46211862197920084,-134.565,-0.15716629973312146,0.24150999662914208,-1.0
2016-02-26 22:07:12,2016-03-12 22:07:12,179.25952421052634,836.2,0.25635271255058,856.1949999999999,0.46211862197920084,-19.995,-0.023353324885102,-0.44526643082970585,1.0
2016-03-02 22:07:12,2016-03-17 22:07:12,179.76484,853.49,0.5053157894736557,856.1949999999999,0.46211862197920084,-2.705,-0.0031593270224655745,0.0934763617822767,-1.0
2016-03-07 22:07:12,2016-03-22 22:07:12,179.63293894736842,586.8,0.13190105263157648,856.1949999999999,0.46211862197920084,-269.395,-0.3146421083982037,-0.7145731715665137,1.0
2016-03-12 22:07:12,2016-03-27 22:07:12,179.38905732484076,818.52,0.24388162252765255,856.1949999999999,0.46211862197920084,-37.675,-0.044002826458925726,-0.4722532031210176,1.0
2016-03-17 22:07:12,2016-04-01 22:07:12,179.91407999999998,1116.0,0.5250226751592209,856.1949999999999,0.46211862197920084,259.805,0.30344138893593176,0.13612100916991654,1.0
2016-03-22 22:07:12,2016-04-06 22:07:12,179.1642736842105,902.1,0.7498063157894705,856.1949999999999,0.46211862197920084,45.905,0.05361512272321156,0.6225407939159353,1.0
2016-03-27 22:07:12,2016-04-11 22:07:12,179.0165304136253,1324.7,0.14774327058520953,856.1949999999999,0.46211862197920084,468.505,0.5471942723328216,-0.6802914586033297,-1.0
2016-04-01 22:07:12,2016-04-16 22:07:12,179.58866105263158,1208.5,0.572130639006275,856.1949999999999,0.46211862197920084,352.305,0.411477525563686,0.2380601252464256,1.0
2016-04-06 22:07:12,2016-04-21 22:07:12,180.2622757894737,1014.7,0.6736147368421257,856.1949999999999,0.46211862197920084,158.505,0.1851272198506182,0.4576662891382981,1.0
2016-04-11 22:07:12,2016-04-26 22:07:12,178.69796631578947,910.9,1.564309473684233,856.1949999999999,0.46211862197920084,54.705,0.06389315518077088,2.3850820964203425,1.0
2016-04-16 22:07:12,2016-05-01 22:07:12,179.15928117913833,865.8,0.4613148633488606,856.1949999999999,0.46211862197920084,9.605,0.011218238835779326,-0.0017392907191183804,-1.0
2016-04-21 22:07:12,2016-05-06 22:07:12,178.48560267857144,891.3,0.6736785005668935,856.1949999999999,0.46211862197920084,35.105,0.041001173798024926,0.45780427043083893,1.0
2016-04-26 22:07:12,2016-05-11 22:07:12,179.21729894736842,891.1,0.7316962687969806,856.1949999999999,0.46211862197920084,34.905,0.040767582151262305,0.5833516201169513,1.0
2016-05-01 22:07:12,2016-05-16 22:07:12,180.14314736842104,851.6,0.9258484210526206,856.1949999999999,0.46211862197920084,-4.595,-0.005366768084373197,1.0034865011224139,-1.0
2016-05-06 22:07:12,2016-05-21 22:07:12,181.13525974025976,655.43,0.992112371838715,856.1949999999999,0.46211862197920084,-200.765,-0.23448513481157918,1.1468781491419064,-1.0
2016-05-26 22:07:12,2016-06-10 22:07:12,180.56595100222717,880.14,1.2918507577283833,856.1949999999999,0.46211862197920084,23.945,0.027966759908665706,1.7954959966675554,1.0
2016-05-31 22:07:12,2016-06-15 22:07:12,181.4004712643678,934.6,0.8345202621406429,856.1949999999999,0.46211862197920084,78.405,0.09157376532215222,0.8058572462769165,1.0
2016-06-05 22:07:12,2016-06-20 22:07:12,181.3967347368421,1021.8,0.0037365275257172925,856.1949999999999,0.46211862197920084,165.605,0.19341972331069446,-0.9919143541333302,-1.0
2016-06-10 22:07:12,2016-06-25 22:07:12,180.44118105263158,1158.5,0.9555536842105141,856.1949999999999,0.46211862197920084,302.305,0.3530796138730079,1.0677671029961697,1.0
2016-06-15 22:07:12,2016-06-30 22:07:12,179.36067578947367,886.4,1.080505263157903,856.1949999999999,0.46211862197920084,30.205,0.035278178452338604,1.338155641792195,1.0
2016-06-20 22:07:12,2016-07-05 22:07:12,180.04034526315792,764.1,0.6796694736842426,856.1949999999999,0.46211862197920084,-92.095,-0.10756311354305959,0.47076841606879305,-1.0
2016-06-25 22:07:12,2016-07-10 22:07:12,180.20296631578947,872.3,0.16262105263155036,856.1949999999999,0.46211862197920084,16.105,0.01880996735556728,-0.6480967333991798,-1.0
2016-06-30 22:07:12,2016-07-15 22:07:12,181.11820631578948,906.02,0.9152400000000114,856.1949999999999,0.46211862197920084,49.825,0.05819351899976066,0.9805304449323939,1.0
2016-07-05 22:07:12,2016-07-20 22:07:12,180.8712063157895,802.13,0.24699999999998568,856.1949999999999,0.46211862197920084,-54.065,-0.06314566191113002,-0.465505200932797,1.0
2016-07-10 22:07:12,2016-07-25 22:07:12,178.91780636604776,910.4,1.953399949741737,856.1949999999999,0.46211862197920084,54.205,0.06330917606386399,3.227053091640302,1.0
2016-07-15 22:07:12,2016-07-30 22:07:12,179.74804842105263,884.71,0.8302420550048737,856.1949999999999,0.46211862197920084,28.515,0.033304329037193714,0.7965994346841998,1.0
2016-07-20 22:07:12,2016-08-04 22:07:12,179.7252694736842,689.1,0.022778947368436775,856.1949999999999,0.46211862197920084,-167.095,-0.1951599810790765,-0.9507075753171833,1.0
2016-07-25 22:07:12,2016-08-09 22:07:12,180.40865684210524,1068.89,0.6833873684210516,856.1949999999999,0.46211862197920084,212.695,0.24841887654097516,0.47881374157609624,1.0
2016-07-30 22:07:12,2016-08-14 22:07:12,181.00372093023256,1451.0,0.5950640881273159,856.1949999999999,0.46211862197920084,594.805,0.6947073972634741,0.2876868834645203,1.0
2016-08-04 22:07:12,2016-08-19 22:07:12,179.95515157894738,1135.5,1.048569351285181,856.1949999999999,0.46211862197920084,279.305,0.32621657449529606,1.2690480353167315,1.0
2016-08-09 22:07:12,2016-08-24 22:07:12,179.76847780126852,953.6899999999999,0.1866737776788625,856.1949999999999,0.46211862197920084,97.495,0.1138700880056529,-0.5960479218964165,-1.0
2016-08-14 22:07:12,2016-08-29 22:07:12,180.61115966386555,1540.34,0.8426818625970327,856.1949999999999,0.46211862197920084,684.145,0.7990527858723773,0.8235185134672205,1.0
2016-08-19 22:07:12,2016-09-03 22:07:12,179.6884505263158,994.73,0.9227091375497594,856.1949999999999,0.46211862197920084,138.535,0.1618030939213615,0.996693259401455,1.0
2016-08-24 22:07:12,2016-09-08 22:07:12,180.54465611814345,859.8,0.8562055918276599,856.1949999999999,0.46211862197920084,3.605,0.004210489432897813,0.8527831407456161,1.0
2016-08-29 22:07:12,2016-09-13 22:07:12,181.44031789473684,938.9,0.8956617765933856,856.1949999999999,0.46211862197920084,82.705,0.09659598572755046,0.9381642158400141,1.0
2016-09-03 22:07:12,2016-09-18 22:07:12,180.04972631578946,1112.4,1.3905915789473795,856.1949999999999,0.46211862197920084,256.205,0.299236739294203,2.009165856575171,1.0
2016-09-08 22:07:12,2016-09-23 22:07:12,180.55165274151435,1092.48,0.5019264257248892,856.1949999999999,0.46211862197920084,236.285,0.2759710112766369,0.08614195977473527,1.0
2016-09-13 22:07:12,2016-09-28 22:07:12,180.63252205882353,831.1,0.08086931730917968,856.1949999999999,0.46211862197920084,-25.095,-0.029309911877551165,-0.8250031194094155,1.0
2016-09-18 22:07:12,2016-10-03 22:07:12,180.14654947368422,701.6,0.48597258513930797,856.1949999999999,0.46211862197920084,-154.595,-0.18056050315640704,0.05161870140169489,-1.0
2016-09-23 22:07:12,2016-10-08 22:07:12,180.78971398305083,731.1,0.6431645093666134,856.1949999999999,0.46211862197920084,-125.095,-0.14610573525890702,0.39177362429588714,-1.0
2016-09-28 22:07:12,2016-10-13 22:07:12,180.43098734177215,905.2,0.3587266412786789,856.1949999999999,0.46211862197920084,49.005,0.05723579324803363,-0.22373472044408416,-1.0
2016-10-03 22:07:12,2016-10-18 22:07:12,181.41560631578946,676.6,0.9846189740173088,856.1949999999999,0.46211862197920084,-179.595,-0.20975945900174597,1.130662836741569,-1.0
2016-10-08 22:07:12,2016-10-23 22:07:12,182.20019789473685,783.31,0.784591578947385,856.1949999999999,0.46211862197920084,-72.885,-0.08512663587150127,0.6978142442887707,-1.0
2016-10-13 22:07:12,2016-10-28 22:07:12,181.29411845730027,813.0,0.9060794374365742,856.1949999999999,0.46211862197920084,-43.195,-0.05044995590957657,0.9607074771320407,-1.0
2016-10-18 22:07:12,2016-11-02 22:07:12,181.7041793478261,721.36,0.41006089052584116,856.1949999999999,0.46211862197920084,-134.835,-0.15748164845625112,-0.11265014863586842,1.0
2016-10-23 22:07:12,2016-11-07 22:07:12,180.52845473684212,729.7,1.1757246109839912,856.1949999999999,0.46211862197920084,-126.495,-0.14774087678624603,1.5442052214829562,-1.0
2016-10-28 22:07:12,2016-11-12 22:07:12,180.29396631578948,1905.9,0.2344884210526459,856.1949999999999,0.46211862197920084,1049.705,1.226011597825262,-0.4925795890926036,-1.0
2016-11-02 22:07:12,2016-11-17 22:07:12,181.13386105263157,1561.4,0.8398947368420977,856.1949999999999,0.46211862197920084,705.205,0.823649986276491,0.8174873222916776,1.0
2016-11-07 22:07:12,2016-11-22 22:07:12,181.77410105263158,979.0,0.6402400000000057,856.1949999999999,0.46211862197920084,122.805,0.14343111090347427,0.38544514232716165,1.0
2016-11-12 22:07:12,2016-11-27 22:07:12,181.75961894736844,740.9,0.01448210526314142,856.1949999999999,0.46211862197920084,-115.295,-0.13465974456753427,-0.9686614982077194,1.0
2016-11-17 22:07:12,2016-12-02 22:07:12,182.17857306590258,812.85,0.41895411853414544,856.1949999999999,0.46211862197920084,-43.345,-0.05062514964464859,-0.09340567852510862,1.0
2016-11-22 22:07:12,2016-12-07 22:07:12,181.14808974358974,1838.9,1.030483322312847,856.1949999999999,0.46211862197920084,982.705,1.1477583961597535,1.22991083522972,1.0
2017-01-01 22:07:12,2017-01-16 22:07:12,181.03779157894738,724.2,0.036359760765549254,856.1949999999999,0.46211862197920084,-131.995,-0.15416464707222055,-0.9213194209533808,1.0
2017-01-06 22:07:12,2017-01-21 22:07:12,181.05631578947367,850.6,0.018524210526294382,856.1949999999999,0.46211862197920084,-5.595,-0.006534726318186745,-0.959914598448863,1.0
2017-01-11 22:07:12,2017-01-26 22:07:12,181.16415061728395,819.4,0.10783482781027942,856.1949999999999,0.46211862197920084,-36.795,-0.042975023213169816,-0.7666511958586839,1.0
2017-01-16 22:07:12,2017-01-31 22:07:12,181.24243368421054,656.1,0.07828306692658771,856.1949999999999,0.46211862197920084,-200.095,-0.23370260279492394,-0.8305996270150068,1.0
2017-01-21 22:07:12,2017-02-05 22:07:12,181.95981578947368,734.7,0.7173821052631411,856.1949999999999,0.46211862197920084,-121.495,-0.14190108561717818,0.5523765352512222,-1.0
2017-01-26 22:07:12,2017-02-10 22:07:12,181.66283578947366,704.5,0.2969800000000191,856.1949999999999,0.46211862197920084,-151.695,-0.1771734242783477,-0.35735115211741963,1.0
2017-01-31 22:07:12,2017-02-15 22:07:12,181.1164581395349,671.56,0.546377649938762,856.1949999999999,0.46211862197920084,-184.635,-0.21564596850016648,0.1823320332746805,-1.0
2017-02-05 22:07:12,2017-02-20 22:07:12,181.52218262806238,733.65,0.40572448852748266,856.1949999999999,0.46211862197920084,-122.545,-0.14312744176268255,-0.12203389080099958,1.0
2017-02-10 22:07:12,2017-02-25 22:07:12,181.55127642276423,826.3,0.029093794701850584,856.1949999999999,0.46211862197920084,-29.895,-0.03491611139985629,-0.9370425831851458,1.0
2017-02-15 22:07:12,2017-03-02 22:07:12,181.4762443324937,669.34,0.07503209027052549,856.1949999999999,0.46211862197920084,-186.855,-0.21823883577923242,-0.8376345667500442,1.0
2017-02-20 22:07:12,2017-03-07 22:07:12,181.04952853598016,609.1,0.4267157965135482,856.1949999999999,0.46211862197920084,-247.095,-0.2885966397841613,-0.0766098222011189,1.0
2017-02-25 22:07:12,2017-03-12 22:07:12,180.46013888888888,718.1,0.5893896470912807,856.1949999999999,0.46211862197920084,-138.095,-0.16128919229848326,0.2754076963334495,-1.0
2017-03-02 22:07:12,2017-03-17 22:07:12,181.15929894736843,749.3,0.6991600584795492,856.1949999999999,0.46211862197920084,-106.895,-0.1248488954035003,0.5129449998901303,-1.0
2017-03-07 22:07:12,2017-03-22 22:07:12,181.20631012658228,733.69,0.04701117921385389,856.1949999999999,0.46211862197920084,-122.505,-0.1430807234333299,-0.8982703206970747,1.0
2017-03-12 22:07:12,2017-03-27 22:07:12,181.60734736842107,845.0,0.4010372418387931,856.1949999999999,0.46211862197920084,-11.195,-0.013075292427542684,-0.1321768421250874,1.0
2017-03-17 22:07:12,2017-04-01 22:07:12,182.07093012048193,817.6,0.46358275206085864,856.1949999999999,0.46211862197920084,-38.595,-0.04507734803403418,0.0031682992461699033,-1.0
2017-03-22 22:07:12,2017-04-06 22:07:12,181.46490067720092,814.2,0.6060294432810167,856.1949999999999,0.46211862197920084,-41.995,-0.04904840602900029,0.311415325972934,-1.0
2017-03-27 22:07:12,2017-04-11 22:07:12,180.64256878306878,698.9,0.8223318941321338,856.1949999999999,0.46211862197920084,-157.295,-0.18371399038770375,0.7794822693147077,-1.0
2017-04-01 22:07:12,2017-04-16 22:07:12,180.962667673716,790.9,0.3200988906472162,856.1949999999999,0.46211862197920084,-65.295,-0.07626183287685628,-0.30732310834765864,1.0
2017-04-06 22:07:12,2017-04-21 22:07:12,180.62177411764705,799.3,0.34089355606894856,856.1949999999999,0.46211862197920084,-56.895,-0.06645098371282243,-0.26232456374741897,1.0
2017-04-11 22:07:12,2017-04-26 22:07:12,181.3511748400853,1123.9,0.7294007224382426,856.1949999999999,0.46211862197920084,267.705,0.31266825898305894,0.5783841804822825,1.0
2017-04-16 22:07:12,2017-05-01 22:07:12,181.46711368421052,742.6,0.1159388441252247,856.1949999999999,0.46211862197920084,-113.595,-0.1326742155700511,-0.7491145376728772,1.0
2017-04-21 22:07:12,2017-05-06 22:07:12,180.9533157894737,957.8,0.5137978947368254,856.1949999999999,0.46211862197920084,101.605,0.11867039634662668,0.11183118424504968,1.0
2017-04-26 22:07:12,2017-05-11 22:07:12,181.32263157894738,767.2,0.3693157894736885,856.1949999999999,0.46211862197920084,-88.995,-0.10394244301823752,-0.20082036968787043,1.0
2017-05-01 22:07:12,2017-05-16 22:07:12,180.9171347368421,682.76,0.40549684210529335,856.1949999999999,0.46211862197920084,-173.435,-0.2025648362814545,-0.12252650549203781,1.0
2017-05-06 22:07:12,2017-05-21 22:07:12,181.15294105263158,646.7,0.23580631578948896,856.1949999999999,0.46211862197920084,-209.495,-0.24468141019277134,-0.48972773531705416,1.0
2017-05-11 22:07:12,2017-05-26 22:07:12,181.6112442105263,844.7,0.45830315789473275,856.1949999999999,0.46211862197920084,-11.495,-0.013425679897686726,-0.008256460361036555,1.0
2017-05-16 22:07:12,2017-05-31 22:07:12,181.49478823529412,535.0,0.11645597523218498,856.1949999999999,0.46211862197920084,-321.195,-0.37514234490974596,-0.7479954935955244,1.0
2017-05-21 22:07:12,2017-06-05 22:07:12,181.35504210526318,663.18,0.13974613003094305,856.1949999999999,0.46211862197920084,-193.015,-0.225433458499524,-0.6975968433550104,1.0
2017-05-26 22:07:12,2017-06-10 22:07:12,181.08790212765956,769.2,0.2671399776036196,856.1949999999999,0.46211862197920084,-86.995,-0.10160652655061042,-0.4219233657810848,1.0
2017-05-31 22:07:12,2017-06-15 22:07:12,181.63779487179488,834.86,0.5498927441353203,856.1949999999999,0.46211862197920084,-21.335,-0.024918388918412138,0.18993850925157063,-1.0
2017-06-05 22:07:12,2017-06-20 22:07:12,181.72217532467533,710.26,0.0843804528804526,856.1949999999999,0.46211862197920084,-145.935,-0.1704459848515817,-0.817405209686074,1.0
2017-06-10 22:07:12,2017-06-25 22:07:12,181.86279789473684,687.3,0.14062257006150958,856.1949999999999,0.46211862197920084,-168.895,-0.19726230589994098,-0.6957002739702648,1.0
2017-06-15 22:07:12,2017-06-30 22:07:12,181.78180421052633,761.9,0.08099368421051167,856.1949999999999,0.46211862197920084,-94.295,-0.11013262165744953,-0.824733996081731,1.0
2017-06-20 22:07:12,2017-07-05 22:07:12,181.59844329896907,843.3,0.18336091155725853,856.1949999999999,0.46211862197920084,-12.895,-0.01506082142502585,-0.6032167871271994,1.0
2017-06-25 22:07:12,2017-07-10 22:07:12,181.26212060301506,810.0,0.33632269595401,856.1949999999999,0.46211862197920084,-46.195,-0.05395383061101733,-0.2722156607461984,1.0
2017-06-30 22:07:12,2017-07-15 22:07:12,180.54947157894736,1227.35,0.7126490240677015,856.1949999999999,0.46211862197920084,371.155,0.4334935382710714,0.5421344005041557,1.0
2017-07-05 22:07:12,2017-07-20 22:07:12,181.5175642105263,953.67,0.9680926315789407,856.1949999999999,0.46211862197920084,97.475,0.11384672884097657,1.0949007149565007,1.0
2017-07-10 22:07:12,2017-07-25 22:07:12,181.39296000000002,697.97,0.1246042105262859,856.1949999999999,0.46211862197920084,-158.225,-0.18480019154515026,-0.7303631479021113,1.0
2017-07-15 22:07:12,2017-07-30 22:07:12,181.3533768421053,626.5,0.03958315789472522,856.1949999999999,0.46211862197920084,-229.695,-0.2682741665158054,-0.9143441618405355,1.0
2017-07-20 22:07:12,2017-08-04 22:07:12,180.4587389473684,741.8,0.8946378947368885,856.1949999999999,0.46211862197920084,-114.395,-0.13360858215710203,0.9359485902239937,-1.0
2017-07-25 22:07:12,2017-08-09 22:07:12,180.23873052631578,841.9,0.22000842105262564,856.1949999999999,0.46211862197920084,-14.295,-0.01669596295236475,-0.5239135352080059,1.0
2017-07-30 22:07:12,2017-08-14 22:07:12,180.67067019027485,751.71,0.4319396639590707,856.1949999999999,0.46211862197920084,-104.485,-0.12203411606000958,-0.06530565223897955,1.0
2017-08-04 22:07:12,2017-08-19 22:07:12,180.7796974595843,612.72,0.1090272693094505,856.1949999999999,0.46211862197920084,-243.475,-0.2843686309777561,-0.7640708161845994,1.0
2017-08-09 22:07:12,2017-08-24 22:07:12,181.35165961945032,627.78,0.5719621598660183,856.1949999999999,0.46211862197920084,-228.415,-0.266779179976524,0.2376955453912899,-1.0
2017-08-14 22:07:12,2017-08-29 22:07:12,181.28583157894738,759.92,0.06582804050293589,856.1949999999999,0.46211862197920084,-96.275,-0.1124451789604004,-0.8575516385360062,1.0
2017-08-19 22:07:12,2017-09-03 22:07:12,180.03349249249248,1174.8,1.2523390864548958,856.1949999999999,0.46211862197920084,318.605,0.37211733308416894,1.7099948517358414,1.0
2017-08-24 22:07:12,2017-09-08 22:07:12,180.79831353919238,1308.7,0.7648210466998933,856.1949999999999,0.46211862197920084,452.505,0.5285069405918046,0.6550318691427166,1.0
2017-08-29 22:07:12,2017-09-13 22:07:12,180.5459058171745,1004.12,0.252407722017864,856.1949999999999,0.46211862197920084,147.925,0.17277022173687073,-0.4538031795022006,-1.0
2017-09-03 22:07:12,2017-09-18 22:07:12,181.28615286624205,1020.9,0.7402470490675341,856.1949999999999,0.46211862197920084,164.705,0.19236856090026233,0.6018550516253625,1.0
2017-09-08 22:07:12,2017-09-23 22:07:12,180.2349452631579,858.9,1.0512076030841513,856.1949999999999,0.46211862197920084,2.705,0.0031593270224656855,1.2747570712081462,1.0
2017-09-13 22:07:12,2017-09-28 22:07:12,181.0722,763.3,0.8372547368421124,856.1949999999999,0.46211862197920084,-92.895,-0.10849748013011051,0.8117745033866992,-1.0
2017-09-18 22:07:12,2017-10-03 22:07:12,180.49832631578948,728.6,0.5738736842105254,856.1949999999999,0.46211862197920084,-127.595,-0.149025630843441,0.2418319819112471,-1.0
2017-09-23 22:07:12,2017-10-08 22:07:12,181.15665726681127,789.09,0.6583309510217816,856.1949999999999,0.46211862197920084,-67.105,-0.07837583728005881,0.42459299346610613,-1.0
2017-09-28 22:07:12,2017-10-13 22:07:12,181.3040464135021,719.0,0.14738914669084124,856.1949999999999,0.46211862197920084,-137.195,-0.16023802988805114,-0.6810577637845657,1.0
2017-10-03 22:07:12,2017-10-18 22:07:12,181.1133653846154,709.0,0.1906810288867007,856.1949999999999,0.46211862197920084,-147.195,-0.17191761222618673,-0.5873764444504836,1.0
2017-10-08 22:07:12,2017-10-23 22:07:12,180.88293248945146,599.33,0.23043289516394339,856.1949999999999,0.46211862197920084,-256.865,-0.30000759172851965,-0.5013555303678829,1.0
2017-10-13 22:07:12,2017-10-28 22:07:12,181.10573170731706,1284.8,0.22279921786559953,856.1949999999999,0.46211862197920084,428.605,0.5005927388036604,-0.5178744000590667,-1.0
2017-10-18 22:07:12,2017-11-02 22:07:12,181.64901052631578,961.3,0.543278818998715,856.1949999999999,0.46211862197920084,105.105,0.12275825016497421,0.17562632873766137,1.0
2017-10-23 22:07:12,2017-11-07 22:07:12,181.72449789029534,882.1,0.0754873639795619,856.1949999999999,0.46211862197920084,25.905,0.030255958046940368,-0.8366493787758256,-1.0
2017-10-28 22:07:12,2017-11-12 22:07:12,182.39535789473683,1183.98,0.6708600044414936,856.1949999999999,0.46211862197920084,327.785,0.3828391896705774,0.4517051954502016,1.0
2017-11-02 22:07:12,2017-11-17 22:07:12,181.48067578947368,1338.5,0.9146821052631537,856.1949999999999,0.46211862197920084,482.305,0.5633120959594486,0.9793231905385582,1.0
2017-11-07 22:07:12,2017-11-22 22:07:12,181.30173684210527,721.63,0.1789389473684082,856.1949999999999,0.46211862197920084,-134.565,-0.15716629973312146,-0.6127856812996773,1.0
2017-11-12 22:07:12,2017-11-27 22:07:12,181.21385684210526,802.6,0.08788000000001261,856.1949999999999,0.46211862197920084,-53.595,-0.06259672154123763,-0.8098323767528937,1.0
2017-11-17 22:07:12,2017-12-02 22:07:12,182.69802105263156,735.8,1.484164210526302,856.1949999999999,0.46211862197920084,-120.395,-0.14061633155998343,2.211652030315934,-1.0
2017-11-22 22:07:12,2017-12-07 22:07:12,182.99379789473684,762.4,0.2957768421052833,856.1949999999999,0.46211862197920084,-93.795,-0.10954864254054275,-0.3599547214987676,1.0
2017-11-27 22:07:12,2017-12-12 22:07:12,181.54125949367088,761.16,1.452538401065965,856.1949999999999,0.46211862197920084,-95.035,-0.11099691075047158,2.1432154688874263,-1.0
2017-12-02 22:07:12,2017-12-17 22:07:12,181.65774149659865,691.4,0.11648200292776778,856.1949999999999,0.46211862197920084,-164.795,-0.19247367714130537,-0.7479391710533352,1.0
2017-12-07 22:07:12,2017-12-22 22:07:12,181.87268842105263,715.6,0.214946924453983,856.1949999999999,0.46211862197920084,-140.595,-0.16420908788301725,-0.5348663433354188,1.0
2017-12-12 22:07:12,2017-12-27 22:07:12,181.80999224806203,684.2,0.0626961729905986,856.1949999999999,0.46211862197920084,-171.995,-0.20088297642476294,-0.8643288324498197,1.0
2018-01-01 22:07:12,2018-01-16 22:07:12,181.84538997821352,772.72,0.06467820360464316,856.1949999999999,0.46211862197920084,-83.475,-0.09749531356758667,-0.860039824130796,1.0
2018-01-06 22:07:12,2018-01-21 22:07:12,181.70951445086706,1221.6,0.1358755273464567,856.1949999999999,0.46211862197920084,365.405,0.42677777842664355,-0.7059726206996,-1.0
2018-01-11 22:07:12,2018-01-26 22:07:12,182.21101473684212,919.6,0.5015002859750552,856.1949999999999,0.46211862197920084,63.405,0.07405439181494877,0.08521981613116414,1.0
2018-01-16 22:07:12,2018-01-31 22:07:12,182.98708,697.03,0.776065263157875,856.1949999999999,0.46211862197920084,-159.165,-0.18589807228493505,0.679363752609832,-1.0
2018-01-21 22:07:12,2018-02-05 22:07:12,182.02462807881773,825.8,0.9624519211822644,856.1949999999999,0.46211862197920084,-30.395,-0.03550009051676306,1.082694519126266,-1.0
2018-01-26 22:07:12,2018-02-10 22:07:12,181.0521744680851,718.0,0.9724536107326287,856.1949999999999,0.46211862197920084,-138.195,-0.16140598812186469,1.1043376407722372,-1.0
2018-01-31 22:07:12,2018-02-15 22:07:12,180.62247505422994,826.6,0.4296994138551611,856.1949999999999,0.46211862197920084,-29.595,-0.03456572392971213,-0.07015343373351202,1.0
2018-02-05 22:07:12,2018-02-20 22:07:12,181.4796694736842,863.6,0.8571944194542596,856.1949999999999,0.46211862197920084,7.405,0.008648730721389608,0.8549229108816143,1.0
2018-02-10 22:07:12,2018-02-25 22:07:12,182.1430147368421,1367.0,0.6633452631579075,856.1949999999999,0.46211862197920084,510.805,0.5965989056231351,0.4354436969384099,1.0
2018-02-15 22:07:12,2018-03-02 22:07:12,182.41478021978023,988.3,0.27176548293812175,856.1949999999999,0.46211862197920084,132.105,0.15429312247794025,-0.41191401944768746,-1.0
2018-02-20 22:07:12,2018-03-07 22:07:12,181.7882694736842,723.1,0.6265107460960166,856.1949999999999,0.46211862197920084,-133.095,-0.15544940112941552,0.3557357706398918,-1.0
2018-02-25 22:07:12,2018-03-12 22:07:12,181.5068765957447,706.7,0.28139287793950984,856.1949999999999,0.46211862197920084,-149.495,-0.17460391616395787,-0.39108085120150204,1.0
2018-03-02 22:07:12,2018-03-17 22:07:12,181.21206329113923,712.82,0.2948133046054693,856.1949999999999,0.46211862197920084,-143.375,-0.16745601177301883,-0.3620397651520342,1.0
2018-03-07 22:07:12,2018-03-22 22:07:12,181.40202736842107,737.96,0.18996407728184295,856.1949999999999,0.46211862197920084,-118.235,-0.13809354177494604,-0.5889278894058658,1.0
2018-03-12 22:07:12,2018-03-27 22:07:12,181.2610022271715,864.31,0.1410251412495711,856.1949999999999,0.46211862197920084,8.115,0.009477981067397057,-0.6948291314347458,-1.0
2018-03-17 22:07:12,2018-04-01 22:07:12,181.12806105263158,849.09,0.1329411745399227,856.1949999999999,0.46211862197920084,-7.105,-0.008298343251245233,-0.7123224033462426,1.0
2018-03-22 22:07:12,2018-04-06 22:07:12,180.8435452631579,770.84,0.28451578947368716,856.1949999999999,0.46211862197920084,-85.355,-0.09969107504715624,-0.3843230375457738,1.0
2018-03-27 22:07:12,2018-04-11 22:07:12,181.08001684210527,794.8,0.23647157894737347,856.1949999999999,0.46211862197920084,-61.395,-0.0717067957649834,-0.48828814139842935,1.0
2018-04-01 22:07:12,2018-04-16 22:07:12,181.4926476793249,660.1,0.41263083721963767,856.1949999999999,0.46211862197920084,-196.095,-0.22903076985966975,-0.10708892134147874,1.0
2018-04-06 22:07:12,2018-04-21 22:07:12,181.3920652631579,842.9,0.1005824161670148,856.1949999999999,0.46211862197920084,-13.295,-0.015528004718551203,-0.7823450270490466,1.0
2018-04-11 22:07:12,2018-04-26 22:07:12,181.4841157894737,698.22,0.09205052631580202,856.1949999999999,0.46211862197920084,-157.975,-0.18450820198669682,-0.8008075806996043,1.0
2018-04-16 22:07:12,2018-05-01 22:07:12,181.38744373673038,886.74,0.09667205274331536,856.1949999999999,0.46211862197920084,30.545,0.035675284251835304,-0.7908068445082778,-1.0
2018-04-21 22:07:12,2018-05-06 22:07:12,181.1043227848101,722.05,0.2831209519202673,856.1949999999999,0.46211862197920084,-134.145,-0.1566757572749199,-0.387341391464181,1.0
2018-04-26 22:07:12,2018-05-11 22:07:12,181.14430168776371,810.3,0.03997890295360662,856.1949999999999,0.46211862197920084,-45.895,-0.053603443140873286,-0.9134877906837392,1.0
2018-05-01 22:07:12,2018-05-16 22:07:12,181.59170736842105,741.3,0.4474056806573401,856.1949999999999,0.46211862197920084,-114.895,-0.1341925612740088,-0.03183801868629943,1.0
2018-05-06 22:07:12,2018-05-21 22:07:12,181.96931789473686,824.41,0.37761052631580583,856.1949999999999,0.46211862197920084,-31.785,-0.03712355246176391,-0.18287100247433563,1.0
2018-05-11 22:07:12,2018-05-26 22:07:12,181.53731368421052,695.62,0.43200421052634397,856.1949999999999,0.46211862197920084,-160.575,-0.1875448933946121,-0.06516597691709614,1.0
2018-05-16 22:07:12,2018-05-31 22:07:12,181.96419368421053,833.9,0.42688000000001125,856.1949999999999,0.46211862197920084,-22.295,-0.02603962882287325,-0.07625449463227996,1.0
2018-05-21 22:07:12,2018-06-05 22:07:12,181.55754449152542,755.9,0.4066491926851086,856.1949999999999,0.46211862197920084,-100.295,-0.11714037106033082,-0.12003288042477722,1.0
2018-05-26 22:07:12,2018-06-10 22:07:12,181.9441852631579,813.11,0.38664077163247157,856.1949999999999,0.46211862197920084,-43.085,-0.0503214805038571,-0.16333003423118142,1.0
2018-05-31 22:07:12,2018-06-15 22:07:12,181.76118684210527,757.09,0.18299842105261632,856.1949999999999,0.46211862197920084,-99.105,-0.11575050076209259,-0.604001197205914,1.0
2018-06-05 22:07:12,2018-06-20 22:07:12,182.11039578947367,729.92,0.34920894736839614,856.1949999999999,0.46211862197920084,-126.275,-0.14748392597480708,-0.24433050139210055,1.0
2018-06-10 22:07:12,2018-06-25 22:07:12,182.88115368421052,879.22,0.7707578947368461,856.1949999999999,0.46211862197920084,23.025,0.02689223833355725,0.6678788909994122,1.0
2018-06-15 22:07:12,2018-06-30 22:07:12,181.61640421052633,782.53,1.2647494736841907,856.1949999999999,0.46211862197920084,-73.665,-0.08603764329387575,1.7368502664259977,-1.0
2018-06-20 22:07:12,2018-07-05 22:07:12,181.7163663157895,1030.3,0.09996210526315963,856.1949999999999,0.46211862197920084,174.105,0.20334736829810973,-0.7836873466924283,-1.0
2018-06-25 22:07:12,2018-07-10 22:07:12,181.53291578947366,740.26,0.18345052631582348,856.1949999999999,0.46211862197920084,-115.935,-0.1354072378371749,-0.6030228655791321,1.0
2018-06-30 22:07:12,2018-07-15 22:07:12,181.41308277404923,691.14,0.11983301542443314,856.1949999999999,0.46211862197920084,-165.055,-0.19277734628209686,-0.7406877591056553,1.0
2018-07-05 22:07:12,2018-07-20 22:07:12,181.6766505263158,787.22,0.26356775226656737,856.1949999999999,0.46211862197920084,-68.975,-0.0805599191772901,-0.4296534704926258,1.0
2018-07-10 22:07:12,2018-07-25 22:07:12,181.93037209302327,798.89,0.25372156670746904,856.1949999999999,0.46211862197920084,-57.305,-0.06692984658868595,-0.4509600898124192,1.0
2018-07-15 22:07:12,2018-07-30 22:07:12,181.51324421052632,636.01,0.417127882496942,856.1949999999999,0.46211862197920084,-220.185,-0.2571668837122384,-0.09735755570630045,1.0
2018-07-20 22:07:12,2018-08-04 22:07:12,182.3128694736842,1008.21,0.7996252631578784,856.1949999999999,0.46211862197920084,152.015,0.17754717091316818,0.7303463334439446,1.0
2018-07-25 22:07:12,2018-08-09 22:07:12,181.65187578947368,972.5,0.6609936842105242,856.1949999999999,0.46211862197920084,116.305,0.1358393823836861,0.43035500577657815,1.0
2018-07-30 22:07:12,2018-08-14 22:07:12,181.82597511312218,1781.31,0.17409932364850533,856.1949999999999,0.46211862197920084,925.115,1.0804956814744306,-0.6232583683755093,-1.0
2018-08-04 22:07:12,2018-08-19 22:07:12,181.34810850439882,1414.9,0.4778666087233603,856.1949999999999,0.46211862197920084,558.705,0.6525441050228047,0.034077801662076856,1.0
2018-08-09 22:07:12,2018-08-24 22:07:12,181.0440252631579,1092.78,0.30408324124093156,856.1949999999999,0.46211862197920084,236.585,0.27632139874678097,-0.3419801177053241,-1.0
2018-08-14 22:07:12,2018-08-29 22:07:12,181.81710736842106,811.7,0.7730821052631711,856.1949999999999,0.46211862197920084,-44.495,-0.05196830161353416,0.6729083583607809,-1.0
2018-08-19 22:07:12,2018-09-03 22:07:12,181.31936631578947,1180.9,0.4977410526315964,856.1949999999999,0.46211862197920084,324.705,0.3792418783104319,0.07708503608841566,1.0
2018-08-24 22:07:12,2018-09-08 22:07:12,181.19495368421053,1031.3,0.12441263157893445,856.1949999999999,0.46211862197920084,175.105,0.20451532653192328,-0.7307777145052292,-1.0
2018-08-29 22:07:12,2018-09-13 22:07:12,181.4486907894737,1129.4,0.2537371052631556,856.1949999999999,0.46211862197920084,273.205,0.3190920292690336,-0.45092646520837265,-1.0
2018-09-03 22:07:12,2018-09-18 22:07:12,180.75902142857143,876.4,0.6896693609022577,856.1949999999999,0.46211862197920084,20.205,0.023598596114202897,0.49240763756388617,1.0
2018-09-08 22:07:12,2018-09-23 22:07:12,181.86166736842105,1247.2,1.102645939849623,856.1949999999999,0.46211862197920084,391.005,0.4566775092122708,1.3860668828430183,1.0
2018-09-13 22:07:12,2018-09-28 22:07:12,182.40142119565218,1098.91,0.5397538272311238,856.1949999999999,0.46211862197920084,242.715,0.28348098272005817,0.1679984349460324,1.0
2018-09-18 22:07:12,2018-10-03 22:07:12,181.72860287081338,894.51,0.6728183248388007,856.1949999999999,0.46211862197920084,38.315,0.04475031972856658,0.4559428961273997,1.0
2018-09-23 22:07:12,2018-10-08 22:07:12,182.00596000000002,899.7,0.27735712918664035,856.1949999999999,0.46211862197920084,43.505,0.050812022962059,-0.3998139958118292,-1.0
2018-09-28 22:07:12,2018-10-13 22:07:12,182.36277894736844,1132.9,0.35681894736842423,856.1949999999999,0.46211862197920084,276.705,0.3231798830873811,-0.2278628681090371,-1.0
2018-10-03 22:07:12,2018-10-18 22:07:12,182.31263578947366,909.2,0.05014315789478019,856.1949999999999,0.46211862197920084,53.005,0.06190762618328782,-0.891492886220376,-1.0
2018-10-08 22:07:12,2018-10-23 22:07:12,183.02762315789474,1161.7,0.7149873684210775,856.1949999999999,0.46211862197920084,305.505,0.3568170802212114,0.5471944527118793,1.0
2018-10-13 22:07:12,2018-10-28 22:07:12,182.1137684210526,1166.91,0.9138547368421257,856.1949999999999,0.46211862197920084,310.715,0.36290214261938014,0.9775328094942184,1.0
2018-10-18 22:07:12,2018-11-02 22:07:12,182.04173684210525,852.5,0.07203157894736023,856.1949999999999,0.46211862197920084,-3.695,-0.00431560567394107,-0.8441275128908303,1.0
2018-10-23 22:07:12,2018-11-07 22:07:12,182.48075157894738,846.3,0.43901473684212533,856.1949999999999,0.46211862197920084,-9.895,-0.011556946723585093,-0.0499955726478285,1.0
2018-10-28 22:07:12,2018-11-12 22:07:12,182.48881684210525,1046.2,0.00806526315787437,856.1949999999999,0.46211862197920084,190.005,0.2219179042157453,-0.9825472015749295,-1.0
2018-11-02 22:07:12,2018-11-17 22:07:12,183.1112484210526,811.49,0.6224315789473565,856.1949999999999,0.46211862197920084,-44.705,-0.05221357284263506,0.34690867094157274,-1.0
2018-11-07 22:07:12,2018-11-22 22:07:12,182.09166736842104,808.7,1.0195810526315654,856.1949999999999,0.46211862197920084,-47.495,-0.05547217631497481,1.2063189063120139,-1.0
2018-11-12 22:07:12,2018-11-27 22:07:12,182.0846223628692,860.32,0.007045005551844952,856.1949999999999,0.46211862197920084,4.125,0.004817827714481027,-0.984754984506636,-1.0
2018-11-17 22:07:12,2018-12-02 22:07:12,181.87960842105264,1578.47,0.20501394181655996,856.1949999999999,0.46211862197920084,722.275,0.8435870333276885,-0.5563607868938307,-1.0
2018-11-22 22:07:12,2018-12-07 22:07:12,182.87751157894738,890.0,0.9979031578947399,856.1949999999999,0.46211862197920084,33.805,0.039482828094067335,1.1594091006781673,1.0
2018-11-27 22:07:12,2018-12-12 22:07:12,183.38388794926004,870.2,0.5063763703126654,856.1949999999999,0.46211862197920084,14.005,0.016357255064558984,0.09577140203507417,1.0
2018-12-02 22:07:12,2018-12-17 22:07:12,183.22931355932204,1076.8,0.15457438993800565,856.1949999999999,0.46211862197920084,220.605,0.2576574261704403,-0.6655092814135442,-1.0
2018-12-07 22:07:12,2018-12-22 22:07:12,182.0825705263158,1030.3,1.1467430330062314,856.1949999999999,0.46211862197920084,174.105,0.20334736829810973,1.4814906356616038,1.0
2018-12-12 22:07:12,2018-12-27 22:07:12,182.55703157894737,917.5,0.47446105263156824,856.1949999999999,0.46211862197920084,61.305,0.07160167952394025,0.026708360289628974,1.0
2018-12-17 22:07:12,2019-01-01 22:07:12,182.63073516949152,962.1,0.07370359054414166,856.1949999999999,0.46211862197920084,105.905,0.12369261675202514,-0.8405093691561754,-1.0
2018-12-22 22:07:12,2019-01-06 22:07:12,182.5494840085288,899.7,0.08125116096272222,856.1949999999999,0.46211862197920084,43.505,0.050812022962059,-0.824176830150811,-1.0
2018-12-27 22:07:12,2019-01-11 22:07:12,182.56831417624522,803.63,0.018830167716430424,856.1949999999999,0.46211862197920084,-52.565,-0.0613937245604097,-0.9592525234413126,1.0
2019-01-01 22:07:12,2019-01-16 22:07:12,182.89982056892777,962.3,0.3315063926825417,856.1949999999999,0.46211862197920084,106.105,0.12392620839878776,-0.28263788361798114,-1.0
2019-01-06 22:07:12,2019-01-21 22:07:12,182.82409684210526,864.3,0.07572372682250261,856.1949999999999,0.46211862197920084,8.105,0.009466301485058892,-0.8361379022161309,-1.0
2019-01-11 22:07:12,2019-01-26 22:07:12,182.4654105263158,807.85,0.35868631578946975,856.1949999999999,0.46211862197920084,-48.345,-0.05646494081371645,-0.22382198264753417,1.0
2019-01-16 22:07:12,2019-01-31 22:07:12,182.19832631578947,883.65,0.2670842105263205,856.1949999999999,0.46211862197920084,27.455,0.0320662933093514,-0.4220440427558847,-1.0
